{"branches": 46.05263157894737, "coverage": 67.66666666666666}