{"branches": 68.7089715536105, "coverage": 79.62651413189771}