{"branches": 47.65625, "coverage": 60.27548209366391}