{"branches": 69.40133037694012, "coverage": 79.9320882852292}