{"branches": 48.52607709750567, "coverage": 57.719298245614034}