{"branches": 62.85140562248996, "coverage": 68.40040679936075}