{"branches": 69.061876247505, "coverage": 85.33355134074559}