{"branches": 72.41379310344827, "coverage": 88.11531973623677}