{"branches": 65.58704453441295, "coverage": 80.44512402310568}