{"branches": 69.31567328918322, "coverage": 79.8949864498645}