{"branches": 69.53488372093022, "coverage": 80.88552915766739}