{"branches": 71.04247104247105, "coverage": 86.14523402270254}