{"branches": 53.11778290993071, "coverage": 56.49304316803425}