{"branches": 70.11235955056179, "coverage": 81.04991394148021}