{"branches": 53.36426914153132, "coverage": 57.15574805991698}