{"branches": 72.58687258687259, "coverage": 88.49323588866427}