{"branches": 66.66666666666666, "coverage": 76.30968938340288}