{"branches": 65.7258064516129, "coverage": 80.59501922112653}