{"branches": 55.172413793103445, "coverage": 58.11095505617978}