{"branches": 54.460093896713616, "coverage": 58.167473552088936}