{"branches": 71.35549872122762, "coverage": 82.12674543501612}