{"branches": 48.52607709750567, "coverage": 57.76166209329675}