{"branches": 67.08860759493672, "coverage": 76.0093896713615}