{"branches": 55.172413793103445, "coverage": 57.92789639481975}