{"branches": 63.99082568807339, "coverage": 67.81976228490332}