{"branches": 48.52607709750567, "coverage": 57.75223996883522}