{"branches": 67.84968684759917, "coverage": 79.01032279206947}