{"branches": 48.52607709750567, "coverage": 57.73577552611068}