{"branches": 69.31567328918322, "coverage": 80.16598915989161}