{"branches": 72.24334600760456, "coverage": 88.07227070892665}