{"branches": 67.08860759493672, "coverage": 75.96063730084349}