{"branches": 47.65625, "coverage": 61.5990990990991}