{"branches": 47.682119205298015, "coverage": 56.68571428571428}